class_id,class_label
20201B161_0,46-N3-R3
20201B161_1,422-N2-UP-LP-R1
20201B161_2,340-N2-UM-LP-R3
20201B165_0,459-N2-UH-LH-R1
20201B165_1,453-N2-UP-LH-R1
20201B165_2,377-N2-UP-LP-R1
20201B175_0,451-N2-UP-LM-R1
20201B175_1,378-N2-UP-LP-R1
20201B175_2,421-N2-UP-LP-R1
20201B205_0,371-N2-UP-LH-R2
20201B205_1,370-N2-UP-LM-R2
20201B205_2,236-N2-UM-LP-R1
20201B205_3,561-N2-UP-LH-R1
20201B205_4,423-N2-UM-LP-R3
20201B207_0,160-N3-R2
20201B207_1,453-N2-UP-LH-R1
20201B221_0,381-N2-UH-LP-R1
20201B221_1,423-N2-UM-LP-R3
20201B221_2,451-N2-UP-LM-R1
20201B221_3,377-N2-UP-LP-R1
20201B225_0,555-N2-UP-LH-R1
20201B225_1,453-N2-UP-LH-R1
20201B227_0,453-N2-UP-LH-R1
20201B227_2,422-N2-UP-LP-R1
20201B227_3,90-N3-R3
20201B227_4,470-N2-UH-LP-R3
20201B27_0,552-N2-UP-LH-R1
20201B27_1,581-N2-UP-LH-R2
20201B27_2,541-N2-UP-LH-R1
20201B27_3,234-N2-UM-LM-R1
20201B3_0,700-N1-P-R2
20201B3_1,00-N3-LH-UM-R3
20201B3_2,453-N2-UP-LH-R1
20201B3_3,516-N2-UP-LH-R1
20201B3_4,200-N3-R3
20201B3_5,320-N2-UM-LP-R2
20201B3_6,457-N2-UHM-LM-R1
20201B3_7,360-N2-UP-LHM-R3
20201B3_8,600-N1-M-R1
20201B3_9,660-N1-P-R2
20201B4_0,450-N2-UP-LHM-R2
20201B4_1,555-N2-UP-LH-R1
20201B4_2,378-N2-UP-LP-R1
20201B4_3,287-N2-UP-LM-R1
20201B4_4,590-N2-UM-LM-R2
20201B4_5,288-N2-UP-LM-R2
20201B67_0,453-N2-UP-LH-R1
20201B67_1,138-N4-R3
20201B67_2,234-N2-UM-LM-R1
20201B67_3,321-N2-UM-LP-R1
20201C110_0,330-N2-UH-LHM-R2
20201C110_1,378-N2-UP-LP-R1
20201C143_0,571-N2-UP-LH-R1
20201C143_1,377-N2-UP-LP-R1
20201C143_2,553-N2-UP-LH-R1
20201C143_3,10-N3-R3
20201C20_0,453-N2-UP-LH-R1
20201C20_1,660-N1-P-R2
20201C20_2,490-N2-UH-LP-R2
20201C25_0,516-N2-UP-LH-R1
20201C25_1,453-N2-UP-LH-R1
20201C31_0,481-N2-UH-LP-R1
20201C31_1,378-N2-UP-LP-R1
20201C31_2,377-N2-UP-LP-R1
20201C31_3,453-N2-UP-LH-R1
20201C47_0,123-N3-R3
20201C47_1,252-N2-UM-LM-R3
20201C47_2,553-N2-UP-LH-R1
20201C47_3,377-N2-UP-LP-R1
20201C47_4,10-N3-R3
20201C47_5,164-N5-R3
20201C47_6,453-N2-UP-LH-R1
20201C47_7,275-N3-R3
20201C47_8,660-N1-P-R2
20201C47_9,740-N1-M-R2
20201C51_0,453-N2-UP-LH-R1
20201C51_1,281-N2-UM-LM-R2
20201C62_0,378-N2-UP-LP-R1
20201C62_1,400-N2-UP-LP-R1
20201C62_2,458-N2-UH-LP-R1
20201C9A_0,330-N2-UH-LHM-R2
20201C9A_1,451-N2-UP-LM-R1
20201C9A_2,520-N2-UH-LP-R1
20201CP119_0,555-N2-UP-LH-R1
20201CP119_1,382-N2-UH-LP-R1
20201CP119_2,510-N2-UP-LM-R2
20201CP119_3,660-N1-P-R2
20201CP11_0,516-N2-UP-LH-R1
20201CP12_0,453-N2-UP-LH-R1
20201CP12_1,453-N2-UP-LH-R1
20201CP22_0,211-N3-R2
20201CP22_1,379-N2-UP-LP-R2
20201CP22_2,571-N2-UP-LH-R1
20201CP2_0,453-N2-UP-LH-R1
20201CP2_1,423-N2-UM-LP-R3
20201CP2_2,510-N2-UP-LM-R2
20201CP3_0,700-N1-P-R2
20201CP3_1,193-N3-R2
20201CP3_2,453-N2-UP-LH-R1
20201CP7_0,381-N2-UH-LP-R1
20201CP7_2,560-N2-UP-LH-R1
20201CP7_3,210-N3-R2
20201CP7_4,453-N2-UP-LH-R1
20201CP9_0,453-N2-UP-LH-R1
20201CP9_1,720-N1-M-R2
20201CP9_2,161-N3-R2
20201EX120_0,423-N2-UM-LP-R3
20201EX14_0,377-N2-UP-LP-R1
20201EX14_1,402-N2-UH-LP-R1
20201EX14_2,510-N2-UP-LM-R2
20201EX21_0,555-N2-UP-LH-R1
20201EX21_1,404-N2-UHM-LP-R2
20201EX21_2,377-N2-UP-LP-R1
20201EX21_3,701-3N-R1
20201EX25_0,377-N2-UP-LP-R1
20201EX25_1,491-N2-UH-LP-R1
20201EX26_0,517-N2-UM-LH-R1
20201EX26_1,236-N2-UM-LP-R1
20201EX26_2,382-N2-UH-LP-R1
20201EX26_3,700-N1-P-R2
20201EX26_4,379-N2-UP-LP-R2
20201EX26_5,382-N2-UH-LP-R1
20201EX26_6,233-N2-UM-LP-R2
20201EX29_0,379-N2-UP-LP-R2
20201EX29_1,517-N2-UM-LH-R1
20201EX29_2,379-N2-UP-LP-R2
20201EX3_0,377-N2-UP-LP-R1
20201EX62A_0,162-N3-R2
20201EX62A_1,555-N2-UP-LH-R1
20201EX62A_2,459-N2-UH-LH-R1
20201EX62A_3,453-N2-UP-LH-R1
20201EX64_0,561-N2-UP-LH-R1
20201EX64_1,394-N2-UP-LP-R1
20201EX76_0,481-N2-UH-LP-R1
20201EX76_1,377-N2-UP-LP-R1
20201EX76_2,512-N2-UP-LHM-R2
20201EX76_3,394-N2-UP-LP-R1
20201EX76_4,720-N1-M-R2
20201EX78_0,394-N2-UP-LP-R1
20201EX78_1,132-N3-R3
20201EX78_2,378-N2-UP-LP-R1
20201EX78_3,459-N2-UH-LH-R1
20201EX78_4,377-N2-UP-LP-R1
20201MP20_0,378-N2-UP-LP-R1
20201MP20_1,363-N2-UP-LP-R1
20201MP20_2,376-N2-UP-LP-R1
20201MP25_0,371-N2-UP-LH-R2
20201MP25_1,553-N2-UP-LH-R1
20201MP25_2,233-N2-UM-LP-R2
20201MP29_0,382-N2-UH-LP-R1
20201MP29_1,376-N2-UP-LP-R1
20201MP29_2,377-N2-UP-LP-R1
20201MP29_3,379-N2-UP-LP-R2
20201MP29_4,147-N4-R3
20201MP34_0,281-N2-UM-LM-R2
20201MP34_1,377-N2-UP-LP-R1
20201MP34_2,603-N1-M-R2
20201MP34_3,376-N2-UP-LP-R1
20201MP41_0,550-N2-UP-LH-R1
20201MP41_1,377-N2-UP-LP-R1
20201MP41_2,541-N2-UP-LH-R1
20201MP41_3,553-N2-UP-LH-R1
20201MP41_4,442-N2-UH-LH-R1
20201MP42_0,650-N1-H-R3
20201MP42_1,281-N2-UM-LM-R2
20201MP42_2,451-N2-UP-LM-R1
20201MP42_3,541-N2-UP-LH-R1
20201MP42_4,233-N2-UM-LP-R2
20201MP48_0,370-N2-UP-LM-R2
20201MP48_1,377-N2-UP-LP-R1
20201MP48_2,660-N1-P-R2
20201MP48_3,141-N3-R3
20201MP48_4,520-N2-UH-LP-R1
20201MP48_5,382-N2-UP-LM-R3
20201MP50_0,541-N2-UP-LH-R1
20201MP50_1,371-N2-UP-LH-R2
20201MP50_2,456-N2-UH-LP-R1
20201MP52_0,370-N2-UP-LM-R2
20201MP52_1,130-N3-R2
20201MP52_2,511-N2-UP-LM-R2
20201MP57_0,371-N2-UP-LH-R2
20201MP57_2,631-N1-H-R2
20201MP58_0,72-N4-R3
20201MP58_1,681-N1-H-R3
20201MP58_2,456-N2-UH-LP-R1
20201MP58_3,198-N3-R3
20201MP58_4,453-N2-UP-LH-R1
20201MP58_5,520-N2-UH-LP-R1
20201MP58_6,198-N3-R3
20201MP58_7,371-N2-UP-LH-R2
20201MP58_8,380-N2-UHM-LH-R3
20201MP58_9,751-N1-M-R3
20201MP61_0,377-N2-UP-LP-R1
20201MP61_1,700-N1-P-R2
20201MP61_2,425-N2-UH-LHM-R3
20201MP61_3,519-N2-UH-LP-R1
20201MP65_0,453-N2-UP-LH-R1
20201MP65_1,371-N2-UP-LH-R2
20201MP65_2,700-N1-P-R2
20201MP65_3,553-N2-UP-LH-R1
20201MP66_0,553-N2-UP-LH-R1
20201MP66_1,371-N2-UP-LH-R2
20201MP66_2,453-N2-UP-LH-R1
20201MP67_0,320-N2-UM-LP-R2
20201MP67_1,377-N2-UP-LP-R1
20201MP67_2,555-N2-UP-LH-R1
20201MP67_4,453-N2-UP-LH-R1
20201MP67_5,660-N1-P-R2
20201MP68_0,555-N2-UP-LH-R1
20201MP68_1,198-N3-R3
20201MP68_2,378-N2-UP-LP-R1
20201MP68_3,251-N2-UM-LM-R2
20201MP68_4,129-N5-R2
20201MP68_5,98-N3-R3
20201MP68_6,103-N4-R3
20201MP68_7,97-N2-UH-LM-R3
20201MP68_8,320-N2-UM-LP-R2
20201MP68_9,292-N2-UM-LP-R1
20201MP69_0,662-N4-R2
20201MP69_1,292-N2-UM-LP-R1
20201MP69_2,394-N2-UP-LP-R1
20201MP69_3,378-N2-UP-LP-R1
20201MP69_4,553-N2-UP-LH-R1
20201MP69_5,00-N3-LH-UM-R3
20201MP69_6,236-N2-UM-LP-R1
20201MP6_0,581-N2-UP-LH-R2
20201MP6_1,581-N2-UP-LH-R2
20201MP6_2,453-N2-UP-LH-R1
20201MP71_0,290-N2-UM-LH-R1
20201MP71_1,201-N3-R2
20201MP71_2,289-N2-UH-LM-R3
20201MP71_3,377-N2-UP-LP-R1
20201MP71_4,361-N2-UP-LH-R2
20201MP73_0,376-N2-UP-LP-R1
20201MP73_1,378-N2-UP-LP-R1
20201MP73_2,541-N2-UP-LH-R1
20201MP73_4,660-N1-P-R2
20201MP75_0,453-N2-UP-LH-R1
20201MP75_1,377-N2-UP-LP-R1
20201MP75_2,202-N3-R2
20201MP75_3,553-N2-UP-LH-R1
20201MP75_4,581-N2-UP-LH-R2
20201MP76_0,450-N2-UP-LHM-R2
20201MP77_0,292-N2-UM-LP-R1
20201MP77_1,254-N2-UH-LP-R2
20201MP77_2,00-N3-LH-UM-R3
20201MP77_3,400-N2-UP-LP-R1
20201MP77_4,453-N2-UP-LH-R1
20201MP80_0,421-N2-UP-LP-R1
20201MP80_1,555-N2-UP-LH-R1
20201MP80_3,551-N2-UM-LH-R1
20201MP96_0,519-N2-UH-LP-R1
20201MP96_1,520-N2-UH-LP-R1
20201MP96_2,233-N2-UM-LP-R2
20201MP96_3,511-N2-UP-LM-R2
20201MP96_4,550-N2-UP-LH-R1
20201MP98_0,377-N2-UP-LP-R1
20201MP98_1,371-N2-UP-LH-R2
20201MP98_2,393-N2-UP-LP-R1
20201MP98_3,459-N2-UH-LH-R1
20201O105_0,450-N2-UP-LHM-R2
20201O105_1,453-N2-UP-LH-R1
20201O105_2,377-N2-UP-LP-R1
20201O107_0,286-N2-UP-LM-R1
20201O107_1,377-N2-UP-LP-R1
20201O107_2,570-N2-UP-LH-R1
20201O109_0,130-N3-R2
20201O109_2,376-N2-UP-LP-R1
20201O109_4,379-N2-UP-LP-R2
20201O115_0,423-N2-UM-LP-R3
20201O115_1,373-N2-UP-LH-R1
20201O115_2,551-N2-UM-LH-R1
20201O115_3,553-N2-UP-LH-R1
20201O115_4,378-N2-UP-LP-R1
20201O115_5,541-N2-UP-LH-R1
20201O115_6,540-N2-UP-LH-R1
20201O21_0,377-N2-UP-LP-R1
20201O21_1,373-N2-UP-LH-R1
20201O21_2,378-N2-UP-LP-R1
20201O21_3,281-N2-UM-LM-R2
20201O27A_0,378-N2-UP-LP-R1
20201O27A_1,440-N2-UH-LP-R3
20201O27A_2,24-N3-R2
20201O27_0,378-N2-UP-LP-R1
20201O27_1,24-N3-R2
20201O27_2,233-N2-UM-LP-R2
20201O28_0,233-N2-UM-LP-R2
20201O28_1,459-N2-UH-LH-R1
20201O28_2,453-N2-UP-LH-R1
20201O28_3,394-N2-UP-LP-R1
20201O32_0,377-N2-UP-LP-R1
20201O32_1,481-N2-UH-LP-R1
20201O32_2,373-N2-UP-LH-R1
20201O32_3,130-N3-R2
20201O36_0,550-N2-UP-LH-R1
20201O36_1,236-N2-UM-LP-R1
20201O36_2,378-N2-UP-LP-R1
20201O36_3,553-N2-UP-LH-R1
20201O36_5,130-N3-R2
20201O36_6,519-N2-UH-LP-R1
20201O36_8,560-N2-UP-LH-R1
20201O36_9,451-N2-UP-LM-R1
20201O38A_0,451-N2-UP-LM-R1
20201O38A_1,552-N2-UP-LH-R1
20201O38A_2,701-3N-R1
20201O38A_3,376-N2-UP-LP-R1
20201O3_0,130-N3-R2
20201O3_1,441-N2-UH-LH-R3
20201O3_2,377-N2-UP-LP-R1
20201O50_0,286-N2-UP-LM-R1
20201O50_1,320-N2-UM-LP-R2
20201O50_2,137-N3-R2
20201O50_3,571-N2-UP-LH-R1
20201O52_0,137-N3-R2
20201O52_1,453-N2-UP-LH-R1
20201O52_2,453-N2-UP-LH-R1
20201O52_3,453-N2-UP-LH-R1
20201O52_4,453-N2-UP-LH-R1
20201O53_0,130-N3-R2
20201O53_1,372-N2-UM-LMM-R3
20201O53_2,453-N2-UP-LH-R1
20201O56_0,520-N2-UH-LP-R1
20201O56_1,130-N3-R2
20201O56_2,393-N2-UP-LP-R1
20201O58_0,571-N2-UP-LH-R1
20201O58_2,377-N2-UP-LP-R1
20201O66_0,122-N3-R2
20201O66_1,552-N2-UP-LH-R1
20201O66_2,453-N2-UP-LH-R1
20201O66_3,453-N2-UP-LH-R1
20201O66_4,377-N2-UP-LP-R1
20201O6_0,132-N3-R3
20201O6_1,517-N2-UM-LH-R1
20201O6_2,480-N2-UP-LP-R2
20201O6_3,373-N2-UP-LH-R1
20201O70_0,570-N2-UP-LH-R1
20201O70_1,570-N2-UP-LH-R1
20201O70_2,550-N2-UP-LH-R1
20201O70_3,570-N2-UP-LH-R1
20201O70_4,555-N2-UP-LH-R1
20201O70_5,233-N2-UM-LP-R2
20201O75_0,451-N2-UP-LM-R1
20201O75_1,561-N2-UP-LH-R1
20201O75_2,581-N2-UP-LH-R2
20201O81_0,130-N3-R2
20201O81_1,394-N2-UP-LP-R1
20201O82_0,376-N2-UP-LP-R1
20201O82_1,130-N3-R2
20201O8_0,453-N2-UP-LH-R1
20201O8_2,122-N3-R2
20201O8_3,453-N2-UP-LH-R1
20201O93_0,581-N2-UP-LH-R2
20201O93_1,453-N2-UP-LH-R1
20201O93_2,280-N2-UM-LH-R1
20201O93_3,373-N2-UP-LH-R1
20201O95_0,135-N6-R3
20201O95_1,720-N1-M-R2
20201O95_3,453-N2-UP-LH-R1
20201P14_0,130-N3-R2
20201P14_1,25-N3-R3
20201P14_2,236-N2-UM-LP-R1
20201P17_0,130-N3-R2
20201P17_1,453-N2-UP-LH-R1
20201P17_2,422-N2-UP-LP-R1
20201P17_3,459-N2-UH-LH-R1
20201P17_4,453-N2-UP-LH-R1
20201P17_5,136-N3-R2
20201P2_0,130-N3-R2
20201P2_1,25-N3-R3
20201P2_2,371-N2-UP-LH-R2
20201P7_0,422-N2-UP-LP-R1
20201P7_1,287-N2-UP-LM-R1
20201P7_2,130-N3-R2
20201SW105_0,520-N2-UH-LP-R1
20201SW105_1,377-N2-UP-LP-R1
20201SW105_2,459-N2-UH-LH-R1
20201SW105_3,483-N2-UH-LH-R2
20201SW105_4,233-N2-UM-LP-R2
20201SW116_0,214-N3-R3
20201SW116_1,453-N2-UP-LH-R1
20201SW119_0,376-N2-UP-LP-R1
20201SW119_1,561-N2-UP-LH-R1
20201SW119_2,373-N2-UP-LH-R1
20201SW128_0,517-N2-UM-LH-R1
20201SW131_0,453-N2-UP-LH-R1
20201SW131_1,381-N2-UH-LP-R1
20201SW131_2,517-N2-UM-LH-R1
20201SW1_0,530-N2-UM-LH-R1
20201SW1_1,377-N2-UP-LP-R1
20201SW1_2,233-N2-UM-LP-R2
20201SW28_0,197-N3-R2
20201SW28_1,452-N3-R2
20201SW28_2,561-N2-UP-LH-R1
20201SW28_3,453-N2-UP-LH-R1
20201SW28_4,236-N2-UM-LP-R1
20201SW28_5,394-N2-UP-LP-R1
20201SW28_6,552-N2-UP-LH-R1
20201SW2_0,377-N2-UP-LP-R1
20201SW2_1,451-N2-UP-LM-R1
20201SW33_0,453-N2-UP-LH-R1
20201SW33_1,561-N2-UP-LH-R1
20201SW35_0,561-N2-UP-LH-R1
20201SW35_1,453-N2-UP-LH-R1
20201SW46_0,452-N3-R2
20201SW46_1,552-N2-UP-LH-R1
20201SW46_2,459-N2-UH-LH-R1
20201SW46_3,453-N2-UP-LH-R1
20201SW46_4,233-N2-UM-LP-R2
20201SW5_0,394-N2-UP-LP-R1
20201SW5_1,552-N2-UP-LH-R1
20201SW5_2,106-N3-R3
20201SW5_3,385-N2-UHM-LH-R3
20201SW5_4,382-N2-UH-LP-R1
20201SW70_0,660-N1-P-R2
20201SW70_1,377-N2-UP-LP-R1
20201SW70_2,560-N2-UP-LH-R1
20201SW70_3,700-N1-P-R2
20201SW70_4,491-N2-UH-LP-R1
20201SW73_0,377-N2-UP-LP-R1
20201SW73_1,453-N2-UP-LH-R1
20201SW73_2,660-N1-P-R2
20201SW73_3,453-N2-UP-LH-R1
20201SW76_0,363-N2-UP-LP-R1
20201SW76_1,377-N2-UP-LP-R1
20201SW76_2,423-N2-UM-LP-R3
20201SW76_4,740-N1-M-R2
20201SW82_0,453-N2-UP-LH-R1
20201SW82_1,260-N2-UM-LH-R1
20201SW82_2,740-N1-M-R2
20201SW82_3,520-N2-UH-LP-R1
20201W100_0,451-N2-UP-LM-R1
20201W100_1,404-N2-UHM-LP-R2
20201W100_2,382-N2-UH-LP-R1
20201W100_3,285-N2-UM-LP-R1
20201W103A_0,404-N2-UHM-LP-R2
20201W103A_1,233-N2-UM-LP-R2
20201W103A_2,287-N2-UP-LM-R1
20201W103_0,382-N2-UH-LP-R1
20201W103_1,451-N2-UP-LM-R1
20201W105_0,520-N2-UH-LP-R1
20201W105_1,87-N2-UH-LM-R2
20201W105_2,453-N2-UP-LH-R1
20201W12_0,700-N1-P-R2
20201W12_1,233-N2-UM-LP-R2
20201W12_2,381-N2-UH-LP-R1
20201W12_3,560-N2-UP-LH-R1
20201W12_5,660-N1-P-R2
20201W12_6,453-N2-UP-LH-R1
20201W12_8,136-N3-R2
20201W12_9,285-N2-UM-LP-R1
20201W18_0,516-N2-UP-LH-R1
20201W18_1,381-N2-UH-LP-R1
20201W18_2,142-N3-R3
20201W18_3,377-N2-UP-LP-R1
20201W21_0,377-N2-UP-LP-R1
20201W21_1,520-N2-UH-LP-R1
20201W21_2,580-N2-UP-LH-R2
20201W29_0,511-N2-UP-LM-R2
20201W29_1,373-N2-UP-LH-R1
20201W29_2,481-N2-UH-LP-R1
20201W29_3,287-N2-UP-LM-R1
20201W29_4,378-N2-UP-LP-R1
20201W37_0,236-N2-UM-LP-R1
20201W37_1,480-N2-UP-LP-R2
20201W37_2,453-N2-UP-LH-R1
20201W37_3,196-N3-R2
20201W37_4,381-N2-UH-LP-R1
20201W50_0,458-N2-UH-LP-R1
20201W50_1,196-N3-R2
20201W50_2,377-N2-UP-LP-R1
20201W51_0,260-N2-UM-LH-R1
20201W51_1,481-N2-UH-LP-R1
20201W51_2,150-N4-R3
20201W51_3,377-N2-UP-LP-R1
20201W56_0,519-N2-UH-LP-R1
20201W56_1,453-N2-UP-LH-R1
20201W56_2,122-N3-R2
20201W56_4,621-N1-M-R1
20201W5_0,560-N2-UP-LH-R1
20201W5_1,230-N2-UM-LH-R1
20201W5_2,400-N2-UP-LP-R1
20201W5_3,184-N4-R2
20201W5_4,384-N2-UH-LP-R1
20201W5_5,130-N3-R2
20201W5_6,580-N2-UP-LH-R2
20201W5_7,570-N2-UP-LH-R1
20201W62_0,481-N2-UH-LP-R1
20201W62_1,377-N2-UP-LP-R1
20201W62_2,512-N2-UP-LHM-R2
20201W62_3,517-N2-UM-LH-R1
20201W62_4,377-N2-UP-LP-R1
20201W62_5,570-N2-UP-LH-R1
20201W64_0,03-N4-R3
20201W64_1,124-N5-R3
20201W64_2,236-N2-UM-LP-R1
20201W68_0,581-N2-UP-LH-R2
20201W68_1,402-N2-UH-LP-R1
20201W68_2,198-N3-R3
20201W68_3,480-N2-UP-LP-R2
20201W68_4,710-N1-P-R2
20201W71_0,377-N2-UP-LP-R1
20201W71_1,230-N2-UM-LH-R1
20201W71_2,373-N2-UP-LH-R1
20201W71_3,483-N2-UH-LH-R2
20201W71_4,458-N2-UH-LP-R1
20201W71_5,87-N2-UH-LM-R2
20201W71_6,233-N2-UM-LP-R2
20201W74_0,458-N2-UH-LP-R1
20201W74_1,377-N2-UP-LP-R1
20201W74_2,87-N2-UH-LM-R2
20201W75_0,453-N2-UP-LH-R1
20201W75_1,170-N3-R2
20201W75_2,287-N2-UP-LM-R1
20201W77_0,230-N2-UM-LH-R1
20201W77_1,458-N2-UH-LP-R1
20201W77_2,453-N2-UP-LH-R1
20201W77_3,233-N2-UM-LP-R2
20201W79_0,516-N2-UP-LH-R1
20201W79_1,377-N2-UP-LP-R1
20201W79_2,542-N2-UP-LH-R1
20201W79_3,453-N2-UP-LH-R1
20201W87_0,371-N2-UP-LH-R2
20201W87_1,377-N2-UP-LP-R1
20201W87_2,378-N2-UP-LP-R1
20201W92_0,377-N2-UP-LP-R1
20201W92_1,230-N2-UM-LH-R1
20201W92_2,580-N2-UP-LH-R2
20201W95_0,377-N2-UP-LP-R1
20201W95_1,660-N1-P-R2
20201W95_2,580-N2-UP-LH-R2
20201W99A_0,458-N2-UH-LP-R1
20201W99A_1,373-N2-UP-LH-R1
20211B108_0,109-N3-R3
20211B108_1,453-N2-UP-LH-R1
20211B108_2,390-N2-UM-LHM-R3
20211B108_3,700-N1-P-R2
20211B108_4,571-N2-UP-LH-R1
20211B108_5,120-N3-R3
20211B108_6,63-N3-R3
20211B108_7,281-N2-UM-LM-R2
20211B108_8,442-N2-UH-LH-R1
20211B108_9,51-N3-LM-UP-R3
20211B119_0,451-N2-UP-LM-R1
20211B119_1,700-N1-P-R2
20211B119_2,552-N2-UP-LH-R1
20211B14_0,521-N2-UH-LP-R1
20211B14_1,451-N2-UP-LM-R1
20211B14_2,453-N2-UP-LH-R1
20211B163_0,230-N2-UM-LH-R1
20211B163_1,700-N1-P-R2
20211B163_2,134-N3-R2
20211B163_3,750-N1-M-R3
20211B174_0,453-N2-UP-LH-R1
20211B174_1,371-N2-UP-LH-R2
20211B18_0,451-N2-UP-LM-R1
20211B18_1,553-N2-UP-LH-R1
20211B18_2,394-N2-UP-LP-R1
20211B194_0,581-N2-UP-LH-R2
20211B208_0,453-N2-UP-LH-R1
20211B208_1,453-N2-UP-LH-R1
20211B216_0,460-N2-UH-LH-R3
20211B216_1,530-N2-UM-LH-R1
20211B216_2,25-N3-R3
20211B216_3,459-N2-UH-LH-R1
20211B226_0,530-N2-UM-LH-R1
20211B226_1,451-N2-UP-LM-R1
20211B226_2,453-N2-UP-LH-R1
20211B226_3,552-N2-UP-LH-R1
20211B227_0,453-N2-UP-LH-R1
20211B227_1,137-N3-R2
20211B227_2,90-N3-R3
20211B227_3,470-N2-UH-LP-R3
20211B227_5,422-N2-UP-LP-R1
20211B32_0,378-N2-UP-LP-R1
20211B32_1,370-N2-UP-LM-R2
20211B35_0,451-N2-UP-LM-R1
20211B35_1,552-N2-UP-LH-R1
20211B35_3,370-N2-UP-LM-R2
20211B36_0,80-N4-R3
20211B36_1,451-N2-UP-LM-R1
20211B36_2,750-N1-M-R3
20211B36_3,522-N2-UH-LP-R3
20211B36_4,555-N2-UP-LH-R1
20211B39_0,453-N2-UP-LH-R1
20211B39_1,138-N4-R3
20211B39_2,277-N2-UM-LM-R3
20211B57_0,378-N2-UP-LP-R1
20211B57_1,555-N2-UP-LH-R1
20211B5_0,442-N2-UH-LH-R1
20211B5_1,377-N2-UP-LP-R1
20211B5_2,377-N2-UP-LP-R1
20211B60_0,378-N2-UP-LP-R1
20211B60_1,630-N2-UM-LH-R2
20211B60_2,480-N2-UP-LP-R2
20211B60_3,590-N2-UM-LM-R2
20211B60_4,660-N1-P-R2
20211B60_5,130-N3-R2
20211B60_6,393-N2-UP-LP-R1
20211B62A_0,456-N2-UH-LP-R1
20211B62A_1,453-N2-UP-LH-R1
20211B62A_2,453-N2-UP-LH-R1
20211B62A_3,453-N2-UP-LH-R1
20211B72_0,453-N2-UP-LH-R1
20211B72_1,660-N1-P-R2
20211B72_2,287-N2-UP-LM-R1
20211B72_4,292-N2-UM-LP-R1
20211B72_5,370-N2-UP-LM-R2
20211B79_0,459-N2-UH-LH-R1
20211B79_1,373-N2-UP-LH-R1
20211B79_2,422-N2-UP-LP-R1
20211B86_0,581-N2-UP-LH-R2
20211B86_1,271-N2-UM-LH-R2
20211C108_0,420-N3-R3
20211C108_1,291-N2-UM-LH-R2
20211C108_2,552-N2-UP-LH-R1
20211C108_3,373-N2-UP-LH-R1
20211C108_4,660-N1-P-R2
20211C109_0,190-N3-R2
20211C10_0,243-N2-UHM-LP-R3
20211C10_1,44-N3-R2
20211C10_2,291-N2-UM-LH-R2
20211C10_3,451-N2-UP-LM-R1
20211C12_0,453-N2-UP-LH-R1
20211C136_0,403-N2-UH-LP-R2
20211C136_1,377-N2-UP-LP-R1
20211C136_2,373-N2-UP-LH-R1
20211C136_3,516-N2-UP-LH-R1
20211C148_0,553-N2-UP-LH-R1
20211C148_1,164-N5-R3
20211C148_2,571-N2-UP-LH-R1
20211C148_3,377-N2-UP-LP-R1
20211C148_4,252-N2-UM-LM-R3
20211C148_5,10-N3-R3
20211C163_0,44-N3-R2
20211C163_1,632-N1-H-R2
20211C1_0,377-N2-UP-LP-R1
20211C1_2,517-N2-UM-LH-R1
20211C1_3,700-N1-P-R2
20211C26_0,720-N1-M-R2
20211C26_1,517-N2-UM-LH-R1
20211C51_0,700-N1-P-R2
20211C51_1,660-N1-P-R2
20211C51_2,420-N3-R3
20211C51_4,458-N2-UH-LP-R1
20211C61A_0,453-N2-UP-LH-R1
20211C61A_1,44-N3-R2
20211C61A_2,222-N2-UHM-LMM-R2
20211C62_0,378-N2-UP-LP-R1
20211C62_1,453-N2-UP-LH-R1
20211CP13_0,83-N3-R3
20211CP13_1,170-N3-R2
20211CP13_2,287-N2-UP-LM-R1
20211CP13_3,12-N4-R3
20211CP13_5,423-N2-UM-LP-R3
20211CP13_6,453-N2-UP-LH-R1
20211CP13_7,107-N3-R3
20211CP18_0,287-N2-UP-LM-R1
20211CP18_1,453-N2-UP-LH-R1
20211CP18_2,553-N2-UP-LH-R1
20211CP18_3,520-N2-UH-LP-R1
20211CP20_0,136-N3-R2
20211CP20_1,111-N5-R3
20211CP20_2,552-N2-UP-LH-R1
20211CP20_5,281-N2-UM-LM-R2
20211CP28_0,377-N2-UP-LP-R1
20211CP28_1,95-N3-R3
20211CP30_0,571-N2-UP-LH-R1
20211CP30_1,541-N2-UP-LH-R1
20211CP30_2,220-N3-R2
20211CP40A_0,393-N2-UP-LP-R1
20211CP40A_1,286-N2-UP-LM-R1
20211CP40A_2,370-N2-UP-LM-R2
20211CP5A_0,720-N1-M-R2
20211CP5A_1,453-N2-UP-LH-R1
20211CP5A_2,377-N2-UP-LP-R1
20211EX13A_0,621-N1-M-R1
20211EX13A_1,381-N2-UH-LP-R1
20211EX13A_2,130-N3-R2
20211EX13A_3,06-N4-R3
20211EX13A_4,96-N3-R3
20211EX14_0,377-N2-UP-LP-R1
20211EX14_1,130-N3-R2
20211EX14_2,281-N2-UM-LM-R2
20211EX18A_0,377-N2-UP-LP-R1
20211EX18A_1,88-N3-R3
20211EX18A_3,513-N2-UH-LP-R2
20211EX25_0,382-N2-UH-LP-R1
20211EX25_1,423-N2-UM-LP-R3
20211EX25_2,233-N2-UM-LP-R2
20211EX25_3,377-N2-UP-LP-R1
20211EX25_4,373-N2-UP-LH-R1
20211EX25_5,20-3N-R2
20211EX25_6,453-N2-UP-LH-R1
20211EX38A_0,50-N3-R3
20211EX38A_1,287-N2-UP-LM-R1
20211EX41A_0,281-N2-UM-LM-R2
20211EX41A_1,393-N2-UP-LP-R1
20211EX47_0,238-N3-R3
20211EX47_1,393-N2-UP-LP-R1
20211EX47_2,140-N4-R3
20211EX47_3,511-N2-UP-LM-R2
20211EX49A_0,24-N3-R2
20211EX49A_1,561-N2-UP-LH-R1
20211EX49A_2,550-N2-UP-LH-R1
20211EX51_0,451-N2-UP-LM-R1
20211EX51_1,371-N2-UP-LH-R2
20211EX51_2,137-N3-R2
20211EX51_3,211-N3-R2
20211EX55_0,517-N2-UM-LH-R1
20211EX55_1,432-N2-UH-LH-R1
20211EX55_3,144-N3-R3
20211EX55_5,371-N2-UP-LH-R2
20211EX55_6,11-N4-R3
20211EX55_8,371-N2-UP-LH-R2
20211EX57_0,453-N2-UP-LH-R1
20211EX57_1,377-N2-UP-LP-R1
20211EX57_2,453-N2-UP-LH-R1
20211EX57_3,379-N2-UP-LP-R2
20211EX57_4,130-N3-R2
20211EX5A_0,521-N2-UH-LP-R1
20211EX5A_1,233-N2-UM-LP-R2
20211EX5A_2,517-N2-UM-LH-R1
20211EX5A_3,377-N2-UP-LP-R1
20211EX60_0,512-N2-UP-LHM-R2
20211EX60_1,06-N4-R3
20211EX62C_0,453-N2-UP-LH-R1
20211EX62C_1,552-N2-UP-LH-R1
20211EX62C_2,371-N2-UP-LH-R2
20211EX62E_0,377-N2-UP-LP-R1
20211EX62E_1,520-N2-UH-LP-R3
20211EX62E_2,136-N3-R2
20211EX62E_3,130-N3-R2
20211EX62E_4,451-N2-UP-LM-R1
20211EX62F_0,453-N2-UP-LH-R1
20211EX62F_1,236-N2-UM-LP-R1
20211EX62_0,162-N3-R2
20211EX62_1,555-N2-UP-LH-R1
20211EX62_2,130-N3-R2
20211EX65_0,570-N2-UP-LH-R1
20211EX65_1,510-N2-UP-LM-R2
20211EX65_2,47-N4-R3
20211EX65_3,410-N2-UH-LP-R2
20211EX66_0,24-N3-R2
20211EX66_1,517-N2-UM-LH-R1
20211EX66_2,280-N2-UM-LH-R1
20211EX66_3,373-N2-UP-LH-R1
20211EX75_0,130-N3-R2
20211EX75_1,373-N2-UP-LH-R1
20211EX75_3,394-N2-UP-LP-R1
20211EX75_5,281-N2-UM-LM-R2
20211EX76_0,453-N2-UP-LH-R1
20211EX76_1,194-N5-R3
20211EX76_2,281-N2-UM-LM-R2
20211EX76_3,241-N2-UM-LM-R3
20211MP12_0,61-N4-R3
20211MP12_1,321-N2-UM-LP-R1
20211MP12_2,379-N2-UP-LP-R2
20211MP34A_0,451-N2-UP-LM-R1
20211MP34A_1,456-N2-UH-LP-R1
20211MP34A_2,453-N2-UP-LH-R1
20211MP34A_3,07-N8-R3
20211MP42_0,281-N2-UM-LM-R2
20211MP42_1,541-N2-UP-LH-R1
20211MP42_2,451-N2-UP-LM-R1
20211MP42_3,650-N1-H-R3
20211MP48_0,519-N2-UH-LP-R1
20211MP48_1,552-N2-UP-LH-R1
20211MP48_2,520-N2-UH-LP-R3
20211MP48_3,555-N2-UP-LH-R1
20211MP51_0,377-N2-UP-LP-R1
20211MP51_2,281-N2-UM-LM-R2
20211MP51_3,660-N1-P-R2
20211MP51_4,137-N3-R2
20211MP52_0,377-N2-UP-LP-R1
20211MP52_1,07-N8-R3
20211MP52_2,320-N2-UM-LP-R2
20211MP56_0,450-N2-UP-LHM-R2
20211MP62_0,378-N2-UP-LP-R1
20211MP62_1,555-N2-UP-LH-R1
20211MP64_0,254-N2-UH-LP-R2
20211MP64_1,00-N3-LH-UM-R3
20211MP64_2,377-N2-UP-LP-R1
20211MP64_4,370-N2-UP-LM-R2
20211MP64_6,553-N2-UP-LH-R1
20211MP66_0,641-N1-HM-R2
20211MP66_1,72-N4-R3
20211MP66_2,370-N2-UP-LM-R2
20211MP66_4,553-N2-UP-LH-R1
20211MP66_5,00-N3-LH-UM-R3
20211MP66_6,453-N2-UP-LH-R1
20211MP69_0,555-N2-UP-LH-R1
20211MP69_1,251-N2-UM-LM-R2
20211MP69_3,378-N2-UP-LP-R1
20211MP69_4,97-N2-UH-LM-R3
20211MP69_5,198-N3-R3
20211MP69_6,377-N2-UP-LP-R1
20211MP71_0,393-N2-UP-LP-R1
20211MP71_1,510-N2-UP-LM-R2
20211MP71_2,431-N2-UH-LP-R2
20211MP71_3,552-N2-UP-LH-R1
20211MP71_4,631-N1-H-R2
20211MP71_5,453-N2-UP-LH-R1
20211MP72_0,382-N2-UH-LP-R1
20211MP72_1,261-N2-UM-LM-R1
20211MP72_2,431-N2-UH-LP-R2
20211MP72_3,379-N2-UP-LP-R2
20211MP73_0,363-N2-UP-LP-R1
20211MP73_1,292-N2-UM-LP-R1
20211MP73_2,262-N2-UM-LM-R1
20211MP73_3,442-N2-UH-LH-R1
20211MP73_4,453-N2-UP-LH-R1
20211MP73_5,521-N2-UH-LP-R1
20211MP76_0,363-N2-UP-LP-R1
20211MP76_1,321-N2-UM-LP-R1
20211MP76_2,00-N3-LH-UM-R3
20211MP77_0,254-N2-UH-LP-R2
20211MP77_1,400-N2-UP-LP-R1
20211MP77_2,00-N3-LH-UM-R3
20211MP77_3,453-N2-UP-LH-R1
20211MP77_4,292-N2-UM-LP-R1
20211MP78_0,382-N2-UH-LP-R1
20211MP78_1,261-N2-UM-LM-R1
20211MP78_2,379-N2-UP-LP-R2
20211MP78_3,377-N2-UP-LP-R1
20211MP78_4,431-N2-UH-LP-R2
20211MP7_0,458-N2-UH-LP-R1
20211MP7_1,553-N2-UP-LH-R1
20211MP7_2,371-N2-UP-LH-R2
20211MP7_3,700-N1-P-R2
20211MP80_0,481-N2-UH-LP-R1
20211MP80_1,520-N2-UH-LP-R1
20211MP80_2,555-N2-UP-LH-R1
20211MP80_3,378-N2-UP-LP-R1
20211MP80_4,442-N2-UH-LH-R1
20211MP90_0,424-N2-UM-LP-R3
20211MP90_1,234-N2-UM-LM-R1
20211MP90_2,371-N2-UP-LH-R2
20211MP90_3,379-N2-UP-LP-R2
20211MP92_0,760-N1-M-R3
20211MP92_1,520-N2-UH-LP-R1
20211MP92_2,511-N2-UP-LM-R2
20211MP92_4,519-N2-UH-LP-R1
20211MP92_5,560-N2-UP-LH-R1
20211MP92_6,233-N2-UM-LP-R2
20211MP98_0,50-N3-R3
20211MP98_1,394-N2-UP-LP-R1
20211MP98_2,105-N5-R3
20211MP98_3,292-N2-UM-LP-R1
20211O107_0,122-N3-R2
20211O107_1,551-N2-UM-LH-R1
20211O107_2,491-N2-UH-LP-R1
20211O112_0,393-N2-UP-LP-R1
20211O112_1,378-N2-UP-LP-R1
20211O112_2,453-N2-UP-LH-R1
20211O118_0,459-N2-UH-LH-R1
20211O118_1,377-N2-UP-LP-R1
20211O118_2,132-N3-R3
20211O118_3,377-N2-UP-LP-R1
20211O12_0,373-N2-UP-LH-R1
20211O12_1,130-N3-R2
20211O18_0,132-N3-R3
20211O30_0,701-3N-R1
20211O30_1,517-N2-UM-LH-R1
20211O30_2,440-N2-UH-LP-R3
20211O30_3,130-N3-R2
20211O30_4,99-N4-R3
20211O30_5,378-N2-UP-LP-R1
20211O30_6,132-N3-R3
20211O30_7,451-N2-UP-LM-R1
20211O30_9,701-N5-R3
20211O34_0,378-N2-UP-LP-R1
20211O34_2,23-N3-R2
20211O3_0,377-N2-UP-LP-R1
20211O3_1,459-N2-UH-LH-R1
20211O3_2,130-N3-R2
20211O44_0,377-N2-UP-LP-R1
20211O44_1,516-N2-UP-LH-R1
20211O44_2,600-N1-M-R1
20211O48_0,453-N2-UP-LH-R1
20211O48_1,137-N3-R2
20211O48_2,453-N2-UP-LH-R1
20211O58_0,378-N2-UP-LP-R1
20211O58_2,453-N2-UP-LH-R1
20211O58_3,550-N2-UP-LH-R1
20211O58_4,236-N2-UM-LP-R1
20211O60_0,453-N2-UP-LH-R1
20211O60_1,378-N2-UP-LP-R1
20211O66_0,378-N2-UP-LP-R1
20211O66_1,122-N3-R2
20211O66_2,377-N2-UP-LP-R1
20211O66_3,552-N2-UP-LH-R1
20211O75B_0,377-N2-UP-LP-R1
20211O75B_1,378-N2-UP-LP-R1
20211O75B_2,542-N2-UP-LH-R1
20211O75C_0,451-N2-UP-LM-R1
20211O75C_1,441-N2-UH-LH-R3
20211O75C_2,511-N2-UP-LM-R2
20211O75C_4,182-N3-R2
20211O75D_0,378-N2-UP-LP-R1
20211O75D_2,377-N2-UP-LP-R1
20211O75D_3,542-N2-UP-LH-R1
20211O76_0,122-N3-R2
20211O76_1,394-N2-UP-LP-R1
20211O76_2,480-N2-UP-LP-R2
20211O76_3,377-N2-UP-LP-R1
20211O77_0,130-N3-R2
20211O77_1,550-N2-UP-LH-R1
20211O77_2,260-N2-UM-LH-R1
20211O77_3,163-N3-R2
20211O77_4,197-N3-R2
20211O77_5,450-N2-UP-LHM-R2
20211O7_0,517-N2-UM-LH-R1
20211O7_1,81-N3-R3
20211O7_2,550-N2-UP-LH-R1
20211O83_0,233-N2-UM-LP-R2
20211O83_1,453-N2-UP-LH-R1
20211O83_2,517-N2-UM-LH-R1
20211O83_3,561-N2-UP-LH-R1
20211P11_0,234-N2-UM-LM-R1
20211P11_1,553-N2-UP-LH-R1
20211P11_2,555-N2-UP-LH-R1
20211P11_3,394-N2-UP-LP-R1
20211P11_4,520-N2-UH-LP-R1
20211P12_0,130-N3-R2
20211P12_1,25-N3-R3
20211P6_0,422-N2-UP-LP-R1
20211P6_1,381-N2-UH-LP-R1
20211P6_2,453-N2-UP-LH-R1
20211P6_3,282-N2-UHM-LHM-R3
20211SW102_0,459-N2-UH-LH-R1
20211SW102_1,453-N2-UP-LH-R1
20211SW102_2,453-N2-UP-LH-R1
20211SW107_0,459-N2-UH-LH-R1
20211SW107_1,134-N3-R2
20211SW114_0,129-N5-R2
20211SW114_1,517-N2-UM-LH-R1
20211SW114_2,214-N3-R3
20211SW114_3,671-N5-R3
20211SW114_4,237-N2-UP-LM-R2
20211SW119_0,133-N3-R2
20211SW119_1,458-N2-UH-LP-R1
20211SW119_2,60-N5-R3
20211SW121_0,458-N2-UH-LP-R1
20211SW121_1,453-N2-UP-LH-R1
20211SW121_2,133-N3-R2
20211SW16_0,362-N2-UM-LP-R3
20211SW16_1,571-N2-UP-LH-R1
20211SW16_2,555-N2-UP-LH-R1
20211SW16_3,570-N2-UP-LH-R1
20211SW16_4,452-N3-R2
20211SW18_0,371-N2-UP-LH-R2
20211SW18_1,373-N2-UP-LH-R1
20211SW30_0,197-N3-R2
20211SW30_1,552-N2-UP-LH-R1
20211SW32_0,130-N3-R2
20211SW32_1,453-N2-UP-LH-R1
20211SW32_2,453-N2-UP-LH-R1
20211SW33_0,452-N3-R2
20211SW33_1,453-N2-UP-LH-R1
20211SW34_0,453-N2-UP-LH-R1
20211SW34_1,452-N3-R2
20211SW34_2,453-N2-UP-LH-R1
20211SW34_3,63-N3-R3
20211SW34_4,720-N1-M-R2
20211SW38_0,24-N3-R2
20211SW38_1,453-N2-UP-LH-R1
20211SW49_0,520-N2-UH-LP-R1
20211SW49_1,453-N2-UP-LH-R1
20211SW49_2,239-N2-UH-LM-R3
20211SW49_3,452-N3-R2
20211SW49_4,02-N2-LHM-UM-R3
20211SW60_0,453-N2-UP-LH-R1
20211SW60_1,391-N2-UP-LP-R3
20211SW60_2,402-N2-UH-LP-R1
20211SW6_0,373-N2-UP-LH-R1
20211SW6_1,552-N2-UP-LH-R1
20211SW6_2,287-N2-UP-LM-R1
20211SW6_5,62-N3-R3
20211SW70_0,378-N2-UP-LP-R1
20211SW70_1,453-N2-UP-LH-R1
20211SW70_2,192-N3-R2
20211SW72_0,555-N2-UP-LH-R1
20211SW72_1,424-N2-UM-LP-R3
20211SW72_2,185-N3-R2
20211SW72_3,371-N2-UP-LH-R2
20211SW72_4,660-N1-P-R2
20211SW76_0,381-N2-UH-LP-R1
20211SW76_1,261-N2-UM-LM-R1
20211SW76_2,212-N3-R2
20211SW76_3,451-N2-UP-LM-R1
20211SW76_5,301-N2-UH-LM-R3
20211SW82_0,301-N2-UH-LM-R3
20211SW82_1,481-N2-UH-LP-R1
20211SW82_2,261-N2-UM-LM-R1
20211SW83_0,236-N2-UM-LP-R1
20211SW83_1,363-N2-UP-LP-R1
20211SW83_3,377-N2-UP-LP-R1
20211SW83_4,451-N2-UP-LM-R1
20211SW83_6,520-N2-UH-LP-R1
20211SW83_7,701-3N-R1
20211SW90_0,377-N2-UP-LP-R1
20211SW90_2,701-3N-R1
20211SW9_0,541-N2-UP-LH-R1
20211SW9_1,571-N2-UP-LH-R1
20211SW9_2,453-N2-UP-LH-R1
20211W100_0,451-N2-UP-LM-R1
20211W100_1,580-N2-UP-LH-R2
20211W100_2,404-N2-UHM-LP-R2
20211W100_3,382-N2-UH-LP-R1
20211W102_0,287-N2-UP-LM-R1
20211W102_1,404-N2-UHM-LP-R2
20211W102_2,233-N2-UM-LP-R2
20211W104_0,43-N3-R2
20211W104_1,451-N2-UP-LM-R1
20211W12_0,381-N2-UH-LP-R1
20211W12_1,43-N3-R2
20211W12_2,560-N2-UP-LH-R1
20211W12_3,377-N2-UP-LP-R1
20211W12_6,373-N2-UP-LH-R1
20211W16_0,453-N2-UP-LH-R1
20211W16_1,512-N2-UP-LHM-R2
20211W16_2,210-N3-R2
20211W17_0,262-N2-UM-LM-R1
20211W17_1,379-N2-UP-LP-R2
20211W17_2,287-N2-UP-LM-R1
20211W17_3,458-N2-UH-LP-R1
20211W21_0,210-N3-R2
20211W21_1,701-3N-R1
20211W21_2,512-N2-UP-LHM-R2
20211W21_3,04-N3-R3
20211W21_4,236-N2-UM-LP-R1
20211W21_6,287-N2-UP-LM-R1
20211W28_0,130-N3-R2
20211W28_1,230-N2-UM-LH-R1
20211W28_2,516-N2-UP-LH-R1
20211W36_0,560-N2-UP-LH-R1
20211W36_2,292-N2-UM-LP-R1
20211W36_3,453-N2-UP-LH-R1
20211W37_0,236-N2-UM-LP-R1
20211W37_2,453-N2-UP-LH-R1
20211W37_3,560-N2-UP-LH-R1
20211W37_4,382-N2-UH-LP-R1
20211W40_0,50-N3-R3
20211W40_1,375-N2-UP-LP-R3
20211W40_2,422-N2-UP-LP-R1
20211W40_3,580-N2-UP-LH-R2
20211W40_4,701-3N-R1
20211W40_5,378-N2-UP-LP-R1
20211W42_0,377-N2-UP-LP-R1
20211W42_1,230-N2-UM-LH-R1
20211W42_2,701-3N-R1
20211W43_0,453-N2-UP-LH-R1
20211W43_1,623-N2-UP-LM-R3
20211W4B_0,310-N4-R3
20211W4B_2,377-N2-UP-LP-R1
20211W4B_3,321-N2-UM-LP-R1
20211W51_0,377-N2-UP-LP-R1
20211W51_1,453-N2-UP-LH-R1
20211W51_2,150-N4-R3
20211W51_3,100-N3-R3
20211W51_4,196-N3-R2
20211W51_5,750-N1-M-R3
20211W55_0,06-N4-R3
20211W55_1,394-N2-UP-LP-R1
20211W55_2,552-N2-UP-LH-R1
20211W55_3,373-N2-UP-LH-R1
20211W55_4,701-3N-R1
20211W55_5,750-N1-M-R3
20211W55_6,86-N3-R2
20211W56_0,196-N3-R2
20211W56_1,377-N2-UP-LP-R1
20211W56_2,150-N4-R3
20211W56_3,453-N2-UP-LH-R1
20211W56_4,701-3N-R1
20211W5_0,377-N2-UP-LP-R1
20211W5_1,167-N3-R3
20211W5_2,700-N1-P-R2
20211W5_3,512-N2-UP-LHM-R2
20211W5_4,233-N2-UM-LP-R2
20211W5_5,236-N2-UM-LP-R1
20211W5_6,185-N3-R2
20211W64A_0,377-N2-UP-LP-R1
20211W64A_1,384-N2-UH-LP-R1
20211W64A_2,122-N3-R2
20211W64_0,124-N5-R3
20211W64_1,278-N2-UM-LM-R3
20211W64_2,03-N4-R3
20211W64_4,236-N2-UM-LP-R1
20211W69_0,377-N2-UP-LP-R1
20211W69_1,213-N3-R2
20211W69_2,273-N2-UP-LP-R1
20211W69_3,458-N2-UH-LP-R1
20211W69_4,450-N2-UP-LHM-R2
20211W69_5,236-N2-UM-LP-R1
20211W73_0,381-N2-UP-LH-R3
20211W73_1,293-N2-UP-LM-R1
20211W74_0,230-N2-UM-LH-R1
20211W74_1,512-N2-UP-LHM-R2
20211W75_0,517-N2-UM-LH-R1
20211W75_2,191-N3-R3
20211W75_3,555-N2-UP-LH-R1
20211W75_4,580-N2-UP-LH-R2
20211W75_5,377-N2-UP-LP-R1
20211W77_0,230-N2-UM-LH-R1
20211W77_1,750-N1-M-R3
20211W77_2,453-N2-UP-LH-R1
20211W77_3,521-N2-UH-LP-R1
20211W77_7,670-N1-H-R3
20211W79_0,292-N2-UM-LP-R1
20211W79_2,740-N1-M-R2
20211W79_3,481-N2-UH-LP-R1
20211W79_4,126-N3-R2
20211W79_5,377-N2-UP-LP-R1
20211W80_0,481-N2-UH-LP-R1
20211W80_1,126-N3-R2
20211W80_2,377-N2-UP-LP-R1
20211W80_3,740-N1-M-R2
20211W80_4,292-N2-UM-LP-R1
20211W81_0,49-N3-R3
20211W81_1,701-3N-R1
20211W81_2,145-N5-R2
20211W81_3,108-N4-R3
20211W81_4,580-N2-UP-LH-R2
20211W81_5,350-N2-UM-LM-R3
20211W81_7,04-N3-R3
20211W81_8,236-N2-UM-LP-R1
20211W81_9,710-N1-P-R2
20211W87_0,350-N2-UM-LM-R3
20211W87_1,522-N2-UH-LP-R3
20211W87_2,371-N2-UP-LH-R2
20211W87_3,32-N6-R3
20211W99A_0,373-N2-UP-LH-R1
20211W99A_1,458-N2-UH-LP-R1
20211W99A_2,381-N2-UH-LP-R1
20221B101_0,451-N2-UP-LM-R1
20221B101_1,491-N2-UH-LP-R1
20221B101_3,05-N3-R3
20221B101_4,561-N2-UP-LH-R1
20221B101_5,750-N1-M-R3
20221B116_0,620-N1-M-R2
20221B116_1,453-N2-UP-LH-R1
20221B116_2,451-N2-UP-LM-R1
20221B116_3,701-3N-R1
20221B116_5,270-N2-UM-LH-R1
20221B116_6,602-N2-UM-LP-R1
20221B163_0,456-N2-UH-LP-R1
20221B163_1,453-N2-UP-LH-R1
20221B163_2,453-N2-UP-LH-R1
20221B163_3,700-N1-P-R2
20221B163_4,552-N2-UP-LH-R1
20221B163_5,274-N2-UM-LM-R1
20221B169_0,422-N2-UP-LP-R1
20221B169_1,453-N2-UP-LH-R1
20221B169_2,378-N2-UP-LP-R1
20221B171_0,133-N3-R2
20221B171_1,378-N2-UP-LP-R1
20221B171_2,370-N2-UP-LM-R2
20221B171_3,555-N2-UP-LH-R1
20221B175_0,453-N2-UP-LH-R1
20221B175_1,371-N2-UP-LH-R2
20221B175_2,453-N2-UP-LH-R1
20221B203_0,371-N2-UP-LH-R2
20221B203_1,700-N1-P-R2
20221B203_2,453-N2-UP-LH-R1
20221B203_3,381-N2-UH-LP-R1
20221B217_0,381-N2-UH-LP-R1
20221B217_1,552-N2-UP-LH-R1
20221B224_0,05-N3-R3
20221B224_1,459-N2-UH-LH-R1
20221B224_2,660-N1-P-R2
20221B224_3,422-N2-UP-LP-R1
20221B31_0,286-N2-UP-LM-R1
20221B31_1,201-N3-R2
20221B31_10,660-N1-P-R2
20221B31_2,521-N2-UH-LP-R1
20221B31_3,401-N2-UP-LP-R1
20221B31_4,370-N2-UP-LM-R2
20221B31_5,393-N2-UP-LP-R1
20221B31_6,553-N2-UP-LH-R1
20221B31_8,511-N2-UP-LM-R2
20221B31_9,451-N2-UP-LM-R1
20221B32_0,453-N2-UP-LH-R1
20221B32_1,555-N2-UP-LH-R1
20221B32_2,451-N2-UP-LM-R1
20221B32_3,620-N1-M-R2
20221B36_0,377-N2-UP-LP-R1
20221B36_1,631-N1-H-R2
20221B36_2,700-N1-P-R2
20221B36_3,453-N2-UP-LH-R1
20221B36_4,283-N2-UM-LP-R1
20221B43_0,503-N3-R3
20221B43_1,138-N4-R3
20221B43_3,660-N1-P-R2
20221B43_4,234-N2-UM-LM-R1
20221B43_5,424-N2-UM-LP-R3
20221B43_7,453-N2-UP-LH-R1
20221B44_0,424-N2-UM-LP-R3
20221B44_1,555-N2-UP-LH-R1
20221B44_2,370-N2-UP-LM-R2
20221B44_3,185-N3-R2
20221B49_0,560-N2-UP-LH-R1
20221B49_1,453-N2-UP-LH-R1
20221B49_2,110-N3-R3
20221B49_3,146-N4-R3
20221B49_5,600-N1-M-R1
20221B49_6,553-N2-UP-LH-R1
20221B57_0,620-N1-M-R2
20221B57_1,221-N2-UM-LM-R3
20221B57_2,453-N2-UP-LH-R1
20221B57_3,530-N2-UM-LH-R1
20221B57_4,233-N2-UM-LP-R2
20221B65_0,516-N2-UP-LH-R1
20221B65_1,555-N2-UP-LH-R1
20221B65_2,453-N2-UP-LH-R1
20221B65_3,600-N1-M-R1
20221B65_4,740-N1-M-R2
20221B65_5,281-N2-UM-LM-R2
20221B65_6,281-N2-UM-LM-R2
20221B65_7,662-N4-R2
20221B65_8,255-N2-UH-LH-R3
20221B65_9,552-N2-UP-LH-R1
20221B78_0,134-N3-R2
20221B78_1,517-N2-UM-LH-R1
20221B78_2,690-N4-R2
20221B78_3,136-N3-R2
20221B78_4,660-N1-P-R2
20221B98_0,320-N2-UM-LP-R2
20221B98_1,262-N2-UM-LM-R1
20221C107_0,378-N2-UP-LP-R1
20221C107_1,632-N1-H-R2
20221C107_2,720-N1-M-R2
20221C107_3,453-N2-UP-LH-R1
20221C115_0,451-N2-UP-LM-R1
20221C115_1,459-N2-UH-LH-R1
20221C115_2,204-N3-R2
20221C115_4,453-N2-UP-LH-R1
20221C115_5,453-N2-UP-LH-R1
20221C118_0,453-N2-UP-LH-R1
20221C118_1,481-N2-UH-LP-R1
20221C118_4,377-N2-UP-LP-R1
20221C118_5,377-N2-UP-LP-R1
20221C148_0,571-N2-UP-LH-R1
20221C148_1,459-N2-UH-LH-R1
20221C148_2,377-N2-UP-LP-R1
20221C148_3,10-N3-R3
20221C148_4,123-N3-R3
20221C151_0,373-N2-UP-LH-R1
20221C151_1,281-N2-UM-LM-R2
20221C151_2,571-N2-UP-LH-R1
20221C151_3,40-N6-R3
20221C151_4,453-N2-UP-LH-R1
20221C151_5,378-N2-UP-LP-R1
20221C151_6,700-N1-P-R2
20221C152_0,378-N2-UP-LP-R1
20221C152_1,571-N2-UP-LH-R1
20221C152_2,460-N2-UH-LH-R3
20221C152_3,720-N1-M-R2
20221C152_4,740-N1-M-R2
20221C152_5,13-N2-UM-LP-R3
20221C153_0,233-N2-UM-LP-R2
20221C153_1,710-N1-P-R2
20221C153_2,720-N1-M-R2
20221C153_3,423-N2-UM-LP-R3
20221C153_4,236-N2-UM-LP-R1
20221C153_5,453-N2-UP-LH-R1
20221C153_6,373-N2-UP-LH-R1
20221C157_0,373-N2-UP-LH-R1
20221C157_1,403-N2-UH-LP-R2
20221C157_3,516-N2-UP-LH-R1
20221C157_4,377-N2-UP-LP-R1
20221C160B_0,480-N2-UP-LP-R2
20221C160B_1,145-N5-R2
20221C160B_2,134-N3-R2
20221C160B_3,280-N2-UM-LH-R1
20221C160B_4,112-N3-R2
20221C160B_5,459-N2-UH-LH-R1
20221C160B_7,740-N1-M-R2
20221C163_0,204-N3-R2
20221C163_1,377-N2-UP-LP-R1
20221C163_2,276-N2-UM-LM-R3
20221C163_3,378-N2-UP-LP-R1
20221C16_0,453-N2-UP-LH-R1
20221C16_2,204-N3-R2
20221C16_3,377-N2-UP-LP-R1
20221C20_0,420-N3-R3
20221C20_2,458-N2-UH-LP-R1
20221C24C_0,740-N1-M-R2
20221C24C_1,453-N2-UP-LH-R1
20221C24C_2,451-N2-UP-LM-R1
20221C24C_3,378-N2-UP-LP-R1
20221C25_0,720-N1-M-R2
20221C25_1,740-N1-M-R2
20221C25_2,516-N2-UP-LH-R1
20221C25_3,641-N1-HM-R2
20221C25_4,233-N2-UM-LP-R2
20221C25_5,377-N2-UP-LP-R1
20221C25_7,86-N3-R2
20221C25_8,453-N2-UP-LH-R1
20221C4_0,481-N2-UH-LP-R1
20221C4_1,377-N2-UP-LP-R1
20221C4_2,451-N2-UP-LM-R1
20221C4_3,379-N2-UP-LP-R2
20221C56_0,453-N2-UP-LH-R1
20221C56_1,377-N2-UP-LP-R1
20221C56_2,204-N3-R2
20221C56_3,453-N2-UP-LH-R1
20221C61A_0,60-N5-R3
20221C61A_1,230-N2-UM-LH-R1
20221C61A_10,553-N2-UP-LH-R1
20221C61A_2,691-N1-H-R3
20221C61A_3,740-N1-M-R2
20221C61A_4,44-N3-R2
20221C61A_5,181-N3-R2
20221C61A_6,632-N1-H-R2
20221C61A_7,222-N2-UHM-LMM-R2
20221C61A_8,740-N1-M-R2
20221C61A_9,640-N2-UM-LH-R2
20221C62_0,377-N2-UP-LP-R1
20221C62_1,378-N2-UP-LP-R1
20221C62_2,400-N2-UP-LP-R1
20221C62_3,453-N2-UP-LH-R1
20221C62_4,394-N2-UP-LP-R1
20221C62_6,291-N2-UM-LH-R2
20221CP16_0,170-N3-R2
20221CP16_1,453-N2-UP-LH-R1
20221CP16_2,287-N2-UP-LM-R1
20221CP16_3,12-N4-R3
20221CP16_4,423-N2-UM-LP-R3
20221CP16_5,683-N1-H-R3
20221CP18_0,382-N2-UH-LP-R1
20221CP18_1,377-N2-UP-LP-R1
20221CP30_0,422-N2-UP-LP-R1
20221CP30_1,740-N1-M-R2
20221CP30_2,125-N3-R2
20221CP30_3,393-N2-UP-LP-R1
20221CP30_4,373-N2-UP-LH-R1
20221CP33_0,453-N2-UP-LH-R1
20221CP33_1,199-N3-R3
20221CP33_2,620-N1-M-R2
20221CP3_0,373-N2-UP-LH-R1
20221CP3_1,453-N2-UP-LH-R1
20221CP3_2,144-N3-R3
20221CP3_4,216-N3-R2
20221CP3_5,453-N2-UP-LH-R1
20221CP3_9,311-N2-UH-LM-R3
20221CP40_0,370-N2-UP-LM-R2
20221CP40_1,401-N2-UP-LP-R1
20221CP40_3,286-N2-UP-LM-R1
20221CP40_5,393-N2-UP-LP-R1
20221CP42A_0,286-N2-UP-LM-R1
20221CP42A_1,236-N2-UM-LP-R1
20221CP42A_2,660-N1-P-R2
20221CP42A_3,379-N2-UP-LP-R2
20221CP42A_4,662-N4-R2
20221CP5A_0,170-N3-R2
20221CP5A_1,232-N2-UM-LHM-R3
20221CP5A_2,161-N3-R2
20221CP5A_3,720-N1-M-R2
20221CP5A_4,260-N2-UM-LH-R1
20221CP7_0,553-N2-UP-LH-R1
20221CP7_1,453-N2-UP-LH-R1
20221CP7_3,660-N1-P-R2
20221CP7_4,287-N2-UP-LM-R1
20221CP7_5,379-N2-UP-LP-R2
20221CP7_7,520-N2-UH-LP-R1
20221EX10_0,381-N2-UH-LP-R1
20221EX10_1,130-N3-R2
20221EX10_2,377-N2-UP-LP-R1
20221EX13A_0,373-N2-UP-LH-R1
20221EX13A_1,130-N3-R2
20221EX13A_2,702-N3-R3
20221EX13_0,740-N1-M-R2
20221EX13_1,378-N2-UP-LP-R1
20221EX13_2,130-N3-R2
20221EX13_3,63-N3-R3
20221EX13_5,377-N2-UP-LP-R1
20221EX13_7,281-N2-UM-LM-R2
20221EX13_8,136-N3-R2
20221EX13_9,660-N1-P-R2
20221EX15_0,377-N2-UP-LP-R1
20221EX15_1,382-N2-UH-LP-R1
20221EX15_2,101-N3-R3
20221EX19A_0,377-N2-UP-LP-R1
20221EX19A_1,286-N2-UP-LM-R1
20221EX19A_3,286-N2-UP-LM-R1
20221EX20_0,373-N2-UP-LH-R1
20221EX21_0,480-N2-UP-LP-R2
20221EX21_1,93-N4-R3
20221EX21_2,453-N2-UP-LH-R1
20221EX21_3,394-N2-UP-LP-R1
20221EX21_4,373-N2-UP-LH-R1
20221EX22_0,741-N1-M-R3
20221EX22_2,516-N2-UP-LH-R1
20221EX22_3,287-N2-UP-LM-R1
20221EX22_4,590-N2-UM-LM-R2
20221EX22_5,130-N3-R2
20221EX22_6,480-N2-UP-LP-R2
20221EX26_0,166-N3-R2
20221EX26_1,493-N2-UH-LH-R3
20221EX26_2,371-N2-UP-LH-R2
20221EX26_4,1682-N1-H-R3
20221EX26_5,550-N2-UP-LH-R1
20221EX2_0,381-N2-UH-LP-R1
20221EX2_1,130-N3-R2
20221EX2_3,130-N3-R2
20221EX2_6,700-N3-R3
20221EX2_7,253-N2-UM-LM-R2
20221EX2_8,129-N5-R2
20221EX34_0,100-N9-R3
20221EX34_1,621-N1-M-R1
20221EX34_2,513-N2-UH-LP-R2
20221EX34_3,377-N2-UP-LP-R1
20221EX34_4,491-N2-UH-LP-R1
20221EX34_6,88-N3-R3
20221EX38_0,377-N2-UP-LP-R1
20221EX38_1,453-N2-UP-LH-R1
20221EX38_2,230-N2-UM-LH-R1
20221EX38_3,130-N3-R2
20221EX38_4,374-N3-R2
20221EX38_5,521-N2-UH-LP-R1
20221EX38_6,561-N2-UP-LH-R1
20221EX40_0,130-N3-R2
20221EX40_1,521-N2-UH-LP-R1
20221EX40_2,561-N2-UP-LH-R1
20221EX41_0,701-N5-R3
20221EX41_1,482-N2-UH-LH-R1
20221EX41_2,620-N1-M-R2
20221EX41_3,620-N1-M-R2
20221EX41_4,662-N4-R2
20221EX41_5,741-N1-M-R3
20221EX41_6,238-N3-R3
20221EX43_0,272-N2-UP-LM-R3
20221EX43_1,06-N4-R3
20221EX43_2,377-N2-UP-LP-R1
20221EX43_3,285-N2-UM-LP-R1
20221EX43_4,517-N2-UM-LH-R1
20221EX43_5,481-N2-UH-LP-R1
20221EX43_6,242-N1-HM-R3
20221EX43_7,236-N2-UM-LP-R1
20221EX55_0,453-N2-UP-LH-R1
20221EX55_1,453-N2-UP-LH-R1
20221EX55_2,517-N2-UM-LH-R1
20221EX55_3,144-N3-R3
20221EX55_4,11-N4-R3
20221EX55_5,371-N2-UP-LH-R2
20221EX55_8,432-N2-UH-LH-R1
20221EX59_0,432-N2-UH-LH-R1
20221EX59_2,453-N2-UP-LH-R1
20221EX59_3,371-N2-UP-LH-R2
20221EX60_0,590-N2-UM-LM-R2
20221EX60_1,512-N2-UP-LHM-R2
20221EX60_2,06-N4-R3
20221EX60_3,600-N1-M-R1
20221EX62B_0,373-N2-UP-LH-R1
20221EX62B_1,517-N2-UM-LH-R1
20221EX62B_2,740-N1-M-R2
20221EX62C_0,371-N2-UP-LH-R2
20221EX62C_4,373-N2-UP-LH-R1
20221EX62C_6,136-N3-R2
20221EX62E_0,136-N3-R2
20221EX62E_1,05-N3-R3
20221EX62E_2,373-N2-UP-LH-R1
20221EX62E_3,236-N2-UM-LP-R1
20221EX62G_0,660-N1-P-R2
20221EX62G_1,373-N2-UP-LH-R1
20221EX62G_2,131-N3-R1
20221EX62_0,442-N2-UH-LH-R1
20221EX62_1,550-N2-UP-LH-R1
20221EX62_2,373-N2-UP-LH-R1
20221EX62_3,660-N1-P-R2
20221EX62_4,621-N1-M-R1
20221EX62_5,05-N3-R3
20221EX63_0,383-N2-UP-LP-R1
20221EX63_1,371-N2-UP-LH-R2
20221EX63_2,452-N3-R2
20221EX63_3,130-N3-R2
20221EX63_4,280-N2-UM-LH-R1
20221EX63_5,281-N2-UM-LM-R2
20221EX63_6,80-N4-R3
20221EX64_0,24-N3-R2
20221EX64_1,453-N2-UP-LH-R1
20221EX64_2,130-N3-R2
20221EX64_3,550-N2-UP-LH-R1
20221EX64_4,501-N2-UHM-LP-R2
20221EX64_5,136-N3-R2
20221EX78_0,561-N2-UP-LH-R1
20221EX78_1,459-N2-UH-LH-R1
20221EX78_2,453-N2-UP-LH-R1
20221EX78_3,453-N2-UP-LH-R1
20221EX78_4,700-N1-P-R2
20221EX86_0,423-N2-UM-LP-R3
20221EX86_1,394-N2-UP-LP-R1
20221EX86_2,132-N3-R3
20221EX86_3,459-N2-UH-LH-R1
20221EX86_4,378-N2-UP-LP-R1
20221EX86_5,230-N2-UM-LH-R1
20221MP11_0,321-N2-UM-LP-R1
20221MP11_1,379-N2-UP-LP-R2
20221MP17_0,262-N2-UM-LM-R1
20221MP17_1,370-N2-UP-LM-R2
20221MP17_2,555-N2-UP-LH-R1
20221MP17_3,581-N2-UP-LH-R2
20221MP20_0,290-N2-UM-LH-R1
20221MP20_1,519-N2-UH-LP-R1
20221MP20_2,555-N2-UP-LH-R1
20221MP20_4,230-N2-UM-LH-R1
20221MP20_5,379-N2-UP-LP-R2
20221MP20_6,235-N2-UM-LM-R1
20221MP20_8,129-N5-R2
20221MP27_0,292-N2-UM-LP-R1
20221MP27_1,377-N2-UP-LP-R1
20221MP27_2,377-N2-UP-LP-R1
20221MP34A_0,520-N2-UH-LP-R1
20221MP34A_1,07-N8-R3
20221MP34A_2,451-N2-UP-LM-R1
20221MP34A_3,453-N2-UP-LH-R1
20221MP38_0,510-N2-UP-LM-R2
20221MP38_1,377-N2-UP-LP-R1
20221MP38_2,442-N2-UH-LH-R1
20221MP42_0,377-N2-UP-LP-R1
20221MP42_1,453-N2-UP-LH-R1
20221MP42_3,660-N1-P-R2
20221MP42_4,442-N2-UH-LH-R1
20221MP42_5,553-N2-UP-LH-R1
20221MP49_0,377-N2-UP-LP-R1
20221MP49_2,403-N2-UH-LP-R2
20221MP49_3,442-N2-UH-LH-R1
20221MP49_4,371-N2-UP-LH-R2
20221MP49_5,600-N1-M-R1
20221MP55_0,33-N4-R3
20221MP55_1,690-N4-R2
20221MP55_2,377-N2-UP-LP-R1
20221MP55_3,233-N2-UM-LP-R2
20221MP55_4,292-N2-UM-LP-R1
20221MP55_5,46-N3-R3
20221MP55_6,555-N2-UP-LH-R1
20221MP56_0,251-N2-UM-LM-R2
20221MP56_1,133-N3-R2
20221MP56_3,660-N1-P-R2
20221MP56_4,701-3N-R1
20221MP58_0,453-N2-UP-LH-R1
20221MP58_1,07-N8-R3
20221MP58_10,456-N2-UH-LP-R1
20221MP58_2,518-N2-UM-LHM-R2
20221MP58_3,520-N2-UH-LP-R1
20221MP58_4,701-3N-R1
20221MP58_5,620-N1-M-R2
20221MP58_9,610-N3-R3
20221MP63_0,378-N2-UP-LP-R1
20221MP63_1,51-N3-R3
20221MP63_2,81-N3-R3
20221MP63_3,133-N3-R2
20221MP65_0,41-N4-R3
20221MP65_1,07-N8-R3
20221MP65_2,320-N2-UM-LP-R2
20221MP65_3,00-N3-LH-UM-R3
20221MP65_4,378-N2-UP-LP-R1
20221MP65_5,590-N2-UM-LM-R2
20221MP65_8,492-N2-UH-LHM-R3
20221MP69_0,292-N2-UM-LP-R1
20221MP69_1,520-N2-UH-LP-R1
20221MP69_2,519-N2-UH-LP-R1
20221MP69_3,378-N2-UP-LP-R1
20221MP69_4,600-N1-M-R1
20221MP69_5,320-N2-UM-LP-R2
20221MP69_6,363-N2-UP-LP-R1
20221MP69_7,00-N3-LH-UM-R3
20221MP69_8,453-N2-UP-LH-R1
20221MP74_0,520-N2-UH-LP-R1
20221MP74_1,453-N2-UP-LH-R1
20221MP74_2,424-N2-UM-LP-R3
20221MP74_3,551-N2-UM-LH-R1
20221MP74_5,555-N2-UP-LH-R1
20221MP74_6,581-N2-UP-LH-R2
20221MP74_7,453-N2-UP-LH-R1
20221MP76_0,22-N3-R2
20221MP76_1,553-N2-UP-LH-R1
20221MP76_2,136-N3-R2
20221MP76_3,200-N6-R3
20221MP76_5,553-N2-UP-LH-R1
20221MP76_6,600-N1-M-R1
20221MP79_0,551-N2-UM-LH-R1
20221MP79_1,620-N1-M-R2
20221MP79_2,453-N2-UP-LH-R1
20221MP79_3,555-N2-UP-LH-R1
20221MP79_4,235-N2-UM-LM-R1
20221MP79_5,620-N1-M-R2
20221MP79_7,84-N3-R3
20221MP79_8,379-N2-UP-LP-R2
20221MP79_9,136-N3-R2
20221MP89_0,453-N2-UP-LH-R1
20221MP89_1,262-N2-UM-LM-R1
20221MP89_2,553-N2-UP-LH-R1
20221MP89_3,701-3N-R1
20221MP92_0,379-N2-UP-LP-R2
20221MP92_1,604-N1-M-R3
20221MP92_2,373-N2-UP-LH-R1
20221MP92_3,264-N2-UM-LP-R2
20221MP92_4,453-N2-UP-LH-R1
20221MP92_5,701-3N-R1
20221MP92_6,136-N3-R2
20221MP92_7,451-N2-UP-LM-R1
20221MP96_0,520-N2-UH-LP-R1
20221MP96_1,560-N2-UP-LH-R1
20221MP96_2,519-N2-UH-LP-R1
20221MP96_3,236-N2-UM-LP-R1
20221MP96_4,233-N2-UM-LP-R2
20221MP97_0,453-N2-UP-LH-R1
20221MP97_1,378-N2-UP-LP-R1
20221MP97_2,143-N5-R3
20221O109_0,453-N2-UP-LH-R1
20221O109_1,660-N1-P-R2
20221O109_10,91-N3-R3
20221O109_11,741-N1-M-R3
20221O109_2,400-N2-UP-LP-R1
20221O109_3,550-N2-UP-LH-R1
20221O109_4,236-N2-UM-LP-R1
20221O109_5,660-N1-P-R2
20221O109_6,500-N2-UM-LHM-R2
20221O109_7,380-N2-UP-LP-R3
20221O109_8,662-N4-R2
20221O109_9,373-N2-UP-LH-R1
20221O113_0,130-N3-R2
20221O113_1,660-N1-P-R2
20221O113_2,453-N2-UP-LH-R1
20221O113_3,552-N2-UP-LH-R1
20221O119_0,377-N2-UP-LP-R1
20221O119_1,540-N2-UP-LH-R1
20221O119_2,373-N2-UP-LH-R1
20221O11_0,134-N3-R2
20221O11_1,540-N2-UP-LH-R1
20221O11_2,701-3N-R1
20221O11_3,378-N2-UP-LP-R1
20221O14_0,517-N2-UM-LH-R1
20221O14_1,377-N2-UP-LP-R1
20221O14_2,453-N2-UP-LH-R1
20221O14_3,377-N2-UP-LP-R1
20221O14_4,381-N2-UH-LP-R1
20221O14_5,660-N1-P-R2
20221O14_6,701-3N-R1
20221O21_0,378-N2-UP-LP-R1
20221O21_1,132-N3-R3
20221O21_2,440-N2-UH-LP-R3
20221O21_3,517-N2-UM-LH-R1
20221O21_4,130-N3-R2
20221O21_5,519-N2-UH-LP-R1
20221O21_6,236-N2-UM-LP-R1
20221O21_7,701-3N-R1
20221O21_8,128-N3-R2
20221O21_9,451-N2-UP-LM-R1
20221O26_0,553-N2-UP-LH-R1
20221O26_2,260-N2-UM-LH-R1
20221O26_3,701-3N-R1
20221O26_4,132-N3-R3
20221O26_6,700-N1-P-R2
20221O27_0,378-N2-UP-LP-R1
20221O27_2,23-N3-R2
20221O29_0,377-N2-UP-LP-R1
20221O29_1,130-N3-R2
20221O29_2,459-N2-UH-LH-R1
20221O33_0,453-N2-UP-LH-R1
20221O33_1,377-N2-UP-LP-R1
20221O33_2,394-N2-UP-LP-R1
20221O37_1,453-N2-UP-LH-R1
20221O37_10,453-N2-UP-LH-R1
20221O37_13,660-N1-P-R2
20221O37_2,377-N2-UP-LP-R1
20221O37_3,553-N2-UP-LH-R1
20221O37_4,761-N1-HM-R3
20221O37_7,137-N3-R2
20221O37_8,551-N2-UM-LH-R1
20221O37_9,513-N2-UH-LP-R2
20221O38B_0,300-N2-UH-LM-R3
20221O38B_1,281-N2-UM-LM-R2
20221O38B_2,185-N3-R2
20221O38B_3,453-N2-UP-LH-R1
20221O45_0,284-N2-UP-LP-R1
20221O45_1,102-N3-R3
20221O45_2,550-N2-UP-LH-R1
20221O45_3,260-N2-UM-LH-R1
20221O45_4,250-N2-UM-LM-R3
20221O4_0,130-N3-R2
20221O4_1,459-N2-UH-LH-R1
20221O4_2,377-N2-UP-LP-R1
20221O56_0,180-N3-R2
20221O56_2,550-N2-UP-LH-R1
20221O56_3,542-N2-UP-LH-R1
20221O56_4,81-N3-R3
20221O56_5,459-N2-UH-LH-R1
20221O56_6,292-N5-R3
20221O59_0,510-N2-UP-LM-R2
20221O59_2,450-N2-UP-LHM-R2
20221O59_3,453-N2-UP-LH-R1
20221O59_4,60-N5-R3
20221O59_6,561-N2-UP-LH-R1
20221O60_0,378-N2-UP-LP-R1
20221O60_1,377-N2-UP-LP-R1
20221O60_2,453-N2-UP-LH-R1
20221O61_0,312-N2-UH-LM-R3
20221O61_1,570-N2-UP-LH-R1
20221O61_2,94-N3-R3
20221O61_3,377-N2-UP-LP-R1
20221O61_4,491-N2-UH-LP-R1
20221O61_5,01-N2-LH-UM-R3
20221O61_6,86-N3-R2
20221O68_0,453-N2-UP-LH-R1
20221O68_1,151-N3-R3
20221O68_2,453-N2-UP-LH-R1
20221O68_4,181-N3-R2
20221O73_0,377-N2-UP-LP-R1
20221O73_1,182-N3-R2
20221O73_2,35-N3-R3
20221O73_3,700-N1-P-R2
20221O74_0,163-N3-R2
20221O74_1,561-N2-UP-LH-R1
20221O74_2,330-N2-UH-LHM-R2
20221O74_3,450-N2-UP-LHM-R2
20221O74_4,163-N3-R2
20221O74_5,441-N2-UH-LH-R3
20221O74_6,197-N3-R2
20221O75D_0,451-N2-UP-LM-R1
20221O75D_1,700-N1-P-R2
20221O75D_2,240-N6-R3
20221O75D_3,511-N2-UP-LM-R2
20221O75D_4,441-N2-UH-LH-R3
20221O75D_5,182-N3-R2
20221O75D_6,453-N2-UP-LH-R1
20221O78A_1,394-N2-UP-LP-R1
20221O78A_2,163-N3-R2
20221O78_0,570-N2-UP-LH-R1
20221O78_1,511-N2-UP-LM-R2
20221P12_0,281-N2-UM-LM-R2
20221P12_1,378-N2-UP-LP-R1
20221P13_0,376-N2-UP-LP-R1
20221P13_1,422-N2-UP-LP-R1
20221P13_2,378-N2-UP-LP-R1
20221P7_0,555-N2-UP-LH-R1
20221P7_1,377-N2-UP-LP-R1
20221SW103_0,86-N3-R2
20221SW103_1,453-N2-UP-LH-R1
20221SW103_2,378-N2-UP-LP-R1
20221SW106_0,145-N5-R2
20221SW106_1,134-N3-R2
20221SW106_2,740-N1-M-R2
20221SW106_3,459-N2-UH-LH-R1
20221SW122_0,424-N2-UM-LP-R3
20221SW122_1,378-N2-UP-LP-R1
20221SW122_2,377-N2-UP-LP-R1
20221SW122_3,600-N1-M-R1
20221SW122_4,660-N1-P-R2
20221SW122_5,453-N2-UP-LH-R1
20221SW12_0,291-N2-UH-LM-R3
20221SW12_1,373-N2-UP-LH-R1
20221SW12_2,371-N2-UP-LH-R2
20221SW12_3,104-N3-R3
20221SW12_4,378-N2-UP-LP-R1
20221SW12_6,740-N1-M-R2
20221SW16_0,453-N2-UP-LH-R1
20221SW16_1,451-N2-UP-LM-R1
20221SW16_2,581-N2-UP-LH-R2
20221SW16_3,555-N2-UP-LH-R1
20221SW19_0,134-N3-R2
20221SW19_1,71-N3-R3
20221SW1_0,290-N2-UH-LM-R2
20221SW1_1,373-N2-UP-LH-R1
20221SW28_0,740-N1-M-R2
20221SW28_1,600-N1-M-R1
20221SW28_2,553-N2-UP-LH-R1
20221SW28_3,452-N3-R2
20221SW32_0,394-N2-UP-LP-R1
20221SW32_1,453-N2-UP-LH-R1
20221SW32_2,700-N1-P-R2
20221SW33_0,133-N3-R2
20221SW33_1,453-N2-UP-LH-R1
20221SW33_2,453-N2-UP-LH-R1
20221SW33_3,238-N3-R3
20221SW33_4,63-N3-R3
20221SW33_5,86-N3-R2
20221SW33_6,720-N1-M-R2
20221SW33_7,136-N3-R2
20221SW33_8,620-N1-M-R2
20221SW49A_0,459-N2-UH-LH-R1
20221SW49A_1,02-N2-LHM-UM-R3
20221SW49A_11,239-N2-UH-LM-R3
20221SW49A_2,198-N3-R3
20221SW49A_3,452-N3-R2
20221SW49A_4,520-N2-UH-LP-R1
20221SW49A_6,136-N3-R2
20221SW49A_7,453-N2-UP-LH-R1
20221SW5_0,287-N2-UP-LM-R1
20221SW5_1,552-N2-UP-LH-R1
20221SW5_2,236-N2-UM-LP-R1
20221SW5_3,62-N3-R3
20221SW5_4,373-N2-UP-LH-R1
20221SW5_5,231-N2-UH-LH-R2
20221SW60_0,402-N2-UH-LP-R1
20221SW60_1,391-N2-UP-LP-R3
20221SW60_2,453-N2-UP-LH-R1
20221SW72_0,130-N3-R2
20221SW72_1,281-N2-UM-LM-R2
20221SW72_2,453-N2-UP-LH-R1
20221SW72_3,136-N3-R2
20221SW73_0,672-N3-R3
20221SW73_1,374-N3-R2
20221SW73_10,740-N1-M-R2
20221SW73_2,402-N2-UH-LP-R1
20221SW73_4,641-N1-HM-R2
20221SW73_5,520-N2-UH-LP-R1
20221SW73_6,203-N3-R3
20221SW73_7,281-N2-UM-LM-R2
20221SW73_8,101-N4-R3
20221SW73_9,217-N7-R3
20221SW81_0,181-N3-R2
20221SW81_1,377-N2-UP-LP-R1
20221W103_0,384-N2-UH-LP-R1
20221W103_1,130-N3-R2
20221W103_3,404-N2-UHM-LP-R2
20221W103_4,451-N2-UP-LM-R1
20221W104_0,43-N3-R2
20221W104_1,762-N2-UH-LHM-R2
20221W104_2,451-N2-UP-LM-R1
20221W17_0,378-N2-UP-LP-R1
20221W17_1,621-N1-M-R1
20221W17_2,313-N2-UH-LM-R3
20221W17_3,560-N2-UP-LH-R1
20221W17_4,453-N2-UP-LH-R1
20221W17_5,34-N6-R3
20221W17_6,381-N2-UH-LP-R1
20221W17_8,233-N2-UM-LP-R2
20221W25_0,502-N2-UM-LM-R3
20221W25_1,377-N2-UP-LP-R1
20221W25_2,240-N2-UHM-LH-R3
20221W25_7,590-N2-UM-LM-R2
20221W29_0,377-N2-UP-LP-R1
20221W29_1,453-N2-UP-LH-R1
20221W29_2,236-N2-UM-LP-R1
20221W29_3,373-N2-UP-LH-R1
20221W29_4,280-N2-UM-LH-R1
20221W29_5,453-N2-UP-LH-R1
20221W29_6,378-N2-UP-LP-R1
20221W29_7,453-N2-UP-LH-R1
20221W33_0,150-N4-R3
20221W33_1,236-N2-UM-LP-R1
20221W33_2,375-N2-UP-LP-R3
20221W33_3,570-N2-UP-LH-R1
20221W33_4,480-N2-UP-LP-R2
20221W33_5,81-N3-R3
20221W35_0,480-N2-UP-LP-R2
20221W49_0,453-N2-UP-LH-R1
20221W49_1,560-N2-UP-LH-R1
20221W5_0,453-N2-UP-LH-R1
20221W5_10,31-N3-R3
20221W5_3,377-N2-UP-LP-R1
20221W5_4,600-N1-M-R1
20221W5_5,378-N2-UP-LP-R1
20221W5_6,590-N2-UM-LM-R2
20221W5_7,183-N8-R3
20221W5_8,660-N1-P-R2
20221W5_9,287-N2-UP-LM-R1
20221W60_0,481-N2-UH-LP-R1
20221W60_1,378-N2-UP-LP-R1
20221W64A_0,04-N3-R3
20221W64A_1,377-N2-UP-LP-R1
20221W64A_2,122-N3-R2
20221W64A_3,384-N2-UH-LP-R1
20221W67_0,293-N2-UP-LM-R1
20221W67_1,453-N2-UP-LH-R1
20221W67_2,381-N2-UP-LH-R3
20221W67_3,236-N2-UM-LP-R1
20221W74_0,373-N2-UP-LH-R1
20221W74_1,280-N2-UM-LH-R1
20221W74_2,516-N2-UP-LH-R1
20221W79_0,580-N2-UP-LH-R2
20221W79_1,285-N2-UM-LP-R1
20221W79_2,480-N2-UP-LP-R2
20221W79_3,621-N1-M-R1
20221W79_4,730-N1-HM-R3
20221W79_5,394-N2-UP-LP-R1
20221W79_6,04-N3-R3
20221W81_0,145-N5-R2
20221W81_1,85-N2-UP-LM-R3
20221W81_10,04-N3-R3
20221W81_11,621-N1-M-R1
20221W81_12,660-N1-P-R2
20221W81_2,145-N5-R2
20221W81_3,381-N2-UH-LP-R1
20221W81_4,710-N1-P-R2
20221W81_5,350-N2-UM-LM-R3
20221W81_6,622-N1-M-R3
20221W81_7,108-N4-R3
20221W81_8,236-N2-UM-LP-R1
20221W81_9,516-N2-UP-LH-R1
20221W87_0,30-N3-R3
20221W87_1,371-N2-UP-LH-R2
20221W87_2,522-N2-UH-LP-R3
20221W87_3,394-N2-UP-LP-R1
20221W87_4,481-N2-UH-LP-R1
20221W89_0,377-N2-UP-LP-R1
20221W89_1,379-N2-UP-LP-R2
20221W89_2,48-N3-R3
20221W89_5,87-N2-UH-LM-R2
20221W89_9,660-N1-P-R2
20221W97_0,381-N2-UH-LP-R1
20221W97_2,377-N2-UP-LP-R1
20221W97_3,130-N3-R2
20221W99A_0,458-N2-UH-LP-R1
20221W99A_1,373-N2-UP-LH-R1
20221W99A_2,742-N2-UHM-LHM-R3
20221W99A_3,381-N2-UH-LP-R1
20221W99A_4,233-N2-UM-LP-R2
20221W99_0,382-N2-UH-LP-R1
20221W99_1,600-N1-M-R1
20221W99_2,50-N3-R3
20221W99_3,373-N2-UP-LH-R1
20221W99_4,480-N2-UP-LP-R2
20221W99_5,660-N1-P-R2
20221W99_7,423-N2-UM-LP-R3
